OrderID,Date,Product,Category,Region,Quantity,UnitPrice,Revenue,Profit
1,2025-01-01,Keyboard,Accessories,South,3,627,1881,318.8564074187051
2,2025-01-02,Monitor,Accessories,East,4,384,1536,357.86088176247335
3,2025-01-03,Headphones,Accessories,West,2,467,934,241.99005267552138
4,2025-01-04,Monitor,Electronics,West,2,981,1962,560.0245763637372
5,2025-01-05,Monitor,Accessories,North,1,823,823,120.92208667340766
6,2025-01-06,Smartphone,Electronics,West,5,344,1720,309.36467503840197
7,2025-01-07,Headphones,Electronics,East,4,987,3948,515.1476841256977
8,2025-01-08,Headphones,Electronics,South,2,804,1608,479.98269429413347
9,2025-01-09,Headphones,Electronics,North,3,420,1260,359.60424391692237
10,2025-01-10,Monitor,Accessories,North,7,235,1645,342.14589586230414
11,2025-01-11,Keyboard,Accessories,South,7,295,2065,554.259750577462
12,2025-01-12,Headphones,Electronics,West,4,686,2744,560.3017379268967
13,2025-01-13,Monitor,Electronics,South,5,317,1585,356.17666309687485
14,2025-01-14,Smartphone,Electronics,West,5,692,3460,407.6741070242835
15,2025-01-15,Keyboard,Accessories,South,6,286,1716,430.80880831450446
16,2025-01-16,Smartphone,Electronics,East,9,579,5211,654.2029926446417
17,2025-01-17,Keyboard,Electronics,West,2,601,1202,318.78665831270774
18,2025-01-18,Monitor,Accessories,East,5,70,350,89.74196613692702
19,2025-01-19,Laptop,Accessories,North,3,960,2880,696.2369458999544
20,2025-01-20,Keyboard,Electronics,South,4,786,3144,337.13764727397046
21,2025-01-21,Smartphone,Accessories,North,6,916,5496,882.7986888551053
22,2025-01-22,Monitor,Accessories,North,8,843,6744,1029.2862342957449
23,2025-01-23,Keyboard,Electronics,North,1,569,569,97.88352317025888
24,2025-01-24,Laptop,Accessories,North,8,149,1192,140.09403082849911
25,2025-01-25,Laptop,Electronics,South,7,801,5607,1611.4045027470336
26,2025-01-26,Headphones,Accessories,North,1,527,527,111.07075617108445
27,2025-01-27,Headphones,Electronics,South,2,648,1296,208.7919013225597
28,2025-01-28,Smartphone,Electronics,South,3,347,1041,186.7515518548658
29,2025-01-29,Keyboard,Electronics,East,1,989,989,187.35666251185648
30,2025-01-30,Keyboard,Accessories,West,9,575,5175,1139.1151350282387
31,2025-01-31,Headphones,Electronics,West,8,383,3064,622.4083532924138
32,2025-02-01,Keyboard,Accessories,South,2,51,102,28.95559625357411
33,2025-02-02,Keyboard,Electronics,East,9,424,3816,760.8825301537296
34,2025-02-03,Laptop,Electronics,South,7,342,2394,714.445257497402
35,2025-02-04,Headphones,Accessories,South,9,886,7974,2155.2525226118787
36,2025-02-05,Monitor,Electronics,South,6,983,5898,835.7590027359134
37,2025-02-06,Headphones,Electronics,East,6,602,3612,1033.4619830587649
38,2025-02-07,Monitor,Accessories,West,4,367,1468,180.96517441917578
39,2025-02-08,Laptop,Electronics,East,2,551,1102,290.3659157514586
40,2025-02-09,Smartphone,Electronics,North,7,877,6139,1081.229279730545
41,2025-02-10,Keyboard,Electronics,East,5,430,2150,592.5289577913799
42,2025-02-11,Laptop,Electronics,East,6,672,4032,1103.200914902648
43,2025-02-12,Keyboard,Accessories,East,2,63,126,32.90932008296406
44,2025-02-13,Smartphone,Accessories,East,5,553,2765,713.386831277805
45,2025-02-14,Smartphone,Electronics,West,4,280,1120,180.24812715796114
46,2025-02-15,Laptop,Accessories,North,9,133,1197,139.07207636246977
47,2025-02-16,Smartphone,Electronics,West,6,179,1074,193.9601423987567
48,2025-02-17,Monitor,Accessories,West,2,792,1584,213.37256634772595
49,2025-02-18,Smartphone,Electronics,East,1,887,887,211.9843231712967
50,2025-02-19,Keyboard,Electronics,South,5,194,970,164.1433469483304
51,2025-02-20,Keyboard,Electronics,South,9,940,8460,2496.732459854976
52,2025-02-21,Keyboard,Electronics,West,6,906,5436,1240.464842489845
53,2025-02-22,Keyboard,Electronics,West,7,77,539,142.5634047597841
54,2025-02-23,Monitor,Electronics,East,5,115,575,72.74033736531257
55,2025-02-24,Headphones,Accessories,West,6,212,1272,346.4964842901552
56,2025-02-25,Laptop,Electronics,East,5,278,1390,395.5264989627236
57,2025-02-26,Keyboard,Accessories,South,9,310,2790,550.7805507009662
58,2025-02-27,Smartphone,Electronics,South,6,498,2988,661.0967555999841
59,2025-02-28,Keyboard,Accessories,North,8,473,3784,957.2080573233869
60,2025-03-01,Smartphone,Accessories,South,2,509,1018,137.39714451022002
61,2025-03-02,Smartphone,Accessories,West,9,725,6525,1308.3487297847923
62,2025-03-03,Keyboard,Electronics,South,5,350,1750,314.53205972030963
63,2025-03-04,Monitor,Electronics,East,7,968,6776,875.96603417828
64,2025-03-05,Smartphone,Accessories,South,1,352,352,61.074423329323814
65,2025-03-06,Smartphone,Electronics,North,5,336,1680,190.90589595352586
66,2025-03-07,Keyboard,Accessories,South,2,444,888,93.3841946742289
67,2025-03-08,Smartphone,Electronics,East,6,59,354,44.969773272161454
68,2025-03-09,Smartphone,Accessories,East,1,756,756,221.2230048722831
69,2025-03-10,Keyboard,Accessories,West,3,679,2037,427.5783329236299
70,2025-03-11,Keyboard,Electronics,South,5,319,1595,467.59726940787715
71,2025-03-12,Laptop,Accessories,East,4,641,2564,478.18491200769165
72,2025-03-13,Monitor,Electronics,North,3,654,1962,318.55665062265587
73,2025-03-14,Monitor,Accessories,West,5,827,4135,832.0793205688818
74,2025-03-15,Smartphone,Accessories,North,8,893,7144,1342.374300718702
75,2025-03-16,Monitor,Electronics,South,4,911,3644,441.40842188995896
76,2025-03-17,Smartphone,Electronics,South,1,410,410,93.54775780459691
77,2025-03-18,Laptop,Electronics,South,7,306,2142,306.75075738711246
78,2025-03-19,Keyboard,Accessories,West,8,182,1456,326.024012466248
79,2025-03-20,Keyboard,Electronics,East,3,325,975,224.2892130176399
80,2025-03-21,Keyboard,Accessories,West,6,825,4950,645.5046045973615
81,2025-03-22,Monitor,Accessories,North,2,732,1464,164.36317081800365
82,2025-03-23,Laptop,Electronics,West,7,562,3934,1007.7032159186483
83,2025-03-24,Monitor,Electronics,North,8,362,2896,555.9164054471902
84,2025-03-25,Monitor,Accessories,West,6,625,3750,418.62284662910685
85,2025-03-26,Laptop,Accessories,East,6,935,5610,1677.2400078644787
86,2025-03-27,Laptop,Electronics,North,5,333,1665,185.7409268117901
87,2025-03-28,Laptop,Electronics,South,8,170,1360,325.04958224952645
88,2025-03-29,Laptop,Electronics,South,1,156,156,46.2907824682185
89,2025-03-30,Keyboard,Electronics,West,4,982,3928,580.6998898720311
90,2025-03-31,Headphones,Electronics,South,4,736,2944,378.1564282830211
91,2025-04-01,Headphones,Accessories,North,3,253,759,94.3262338043247
92,2025-04-02,Laptop,Accessories,South,3,214,642,103.14052894767927
93,2025-04-03,Headphones,Accessories,East,4,354,1416,170.21617367821517
94,2025-04-04,Headphones,Accessories,East,1,546,546,130.18401851299922
95,2025-04-05,Laptop,Electronics,West,2,681,1362,153.16828581062907
96,2025-04-06,Headphones,Electronics,North,9,605,5445,1099.260697555121
97,2025-04-07,Monitor,Electronics,East,2,873,1746,522.6465413654595
98,2025-04-08,Smartphone,Accessories,East,5,205,1025,269.36390524873383
99,2025-04-09,Smartphone,Accessories,North,9,416,3744,835.076315347381
100,2025-04-10,Laptop,Electronics,South,9,768,6912,1114.565005375412
101,2025-04-11,Keyboard,Electronics,South,8,951,7608,1710.119904501357
102,2025-04-12,Laptop,Accessories,West,1,669,669,137.41814787137898
103,2025-04-13,Keyboard,Accessories,South,1,300,300,55.565003033422286
104,2025-04-14,Smartphone,Electronics,North,9,965,8685,1095.5439243977264
105,2025-04-15,Laptop,Electronics,East,8,931,7448,2065.4856390221994
106,2025-04-16,Monitor,Accessories,South,9,383,3447,654.7815368974196
107,2025-04-17,Headphones,Electronics,West,7,691,4837,671.9778179354081
108,2025-04-18,Keyboard,Electronics,South,3,560,1680,291.5671418947693
109,2025-04-19,Headphones,Electronics,North,3,342,1026,187.57942521893582
110,2025-04-20,Headphones,Accessories,West,2,69,138,36.64004591764573
111,2025-04-21,Laptop,Accessories,South,5,331,1655,408.3263599658241
112,2025-04-22,Headphones,Accessories,West,3,846,2538,644.2991640123441
113,2025-04-23,Monitor,Accessories,North,6,50,300,30.661875865718834
114,2025-04-24,Headphones,Accessories,East,2,168,336,61.56554867767997
115,2025-04-25,Laptop,Accessories,North,3,84,252,49.45974524242031
116,2025-04-26,Monitor,Accessories,North,5,247,1235,128.240492375295
117,2025-04-27,Smartphone,Electronics,North,1,534,534,81.14805069396965
118,2025-04-28,Headphones,Electronics,North,1,806,806,203.15871948728815
119,2025-04-29,Laptop,Electronics,East,9,108,972,123.8541267937174
120,2025-04-30,Smartphone,Electronics,East,7,886,6202,1284.1986870537949
121,2025-05-01,Smartphone,Electronics,West,1,210,210,30.038478624723975
122,2025-05-02,Keyboard,Electronics,South,8,740,5920,606.3509971783697
123,2025-05-03,Monitor,Electronics,East,3,255,765,113.40382301272986
124,2025-05-04,Headphones,Accessories,East,8,61,488,144.04527847922125
125,2025-05-05,Laptop,Accessories,South,5,539,2695,701.5285033049313
126,2025-05-06,Keyboard,Electronics,East,1,325,325,94.87248188086717
127,2025-05-07,Monitor,Electronics,North,7,742,5194,1026.1827808307053
128,2025-05-08,Keyboard,Accessories,North,5,291,1455,177.43323381515353
129,2025-05-09,Monitor,Electronics,South,6,265,1590,333.25111749363435
130,2025-05-10,Monitor,Electronics,West,6,300,1800,343.5758404415859
131,2025-05-11,Headphones,Accessories,West,8,860,6880,1849.8353458497115
132,2025-05-12,Monitor,Electronics,South,9,175,1575,188.39601294703706
133,2025-05-13,Keyboard,Accessories,South,2,266,532,105.14885697911718
134,2025-05-14,Monitor,Electronics,North,9,355,3195,415.381096739456
135,2025-05-15,Headphones,Accessories,West,9,846,7614,1255.8165014681833
136,2025-05-16,Headphones,Accessories,East,7,234,1638,405.3581785522432
137,2025-05-17,Keyboard,Accessories,North,1,88,88,17.17791907689029
138,2025-05-18,Smartphone,Electronics,South,7,272,1904,333.53825898350897
139,2025-05-19,Smartphone,Accessories,West,5,233,1165,208.41297290681823
140,2025-05-20,Monitor,Electronics,East,6,544,3264,626.326850415428
141,2025-05-21,Laptop,Electronics,East,7,476,3332,856.3350248130148
142,2025-05-22,Monitor,Electronics,North,5,227,1135,316.0032243894332
143,2025-05-23,Keyboard,Electronics,West,7,968,6776,1972.2695671501235
144,2025-05-24,Keyboard,Accessories,West,9,477,4293,1104.9352474387963
145,2025-05-25,Keyboard,Accessories,South,3,343,1029,167.81073914494104
146,2025-05-26,Keyboard,Electronics,West,8,901,7208,1712.8149922943592
147,2025-05-27,Keyboard,Electronics,West,2,200,400,75.00824992443135
148,2025-05-28,Headphones,Accessories,North,7,433,3031,457.4813310843162
149,2025-05-29,Smartphone,Electronics,West,2,687,1374,368.4715100262435
150,2025-05-30,Keyboard,Accessories,East,4,862,3448,371.29881024441937
151,2025-05-31,Laptop,Electronics,North,7,357,2499,700.6006436692846
152,2025-06-01,Laptop,Electronics,North,3,385,1155,222.10129432831357
153,2025-06-02,Laptop,Accessories,South,2,995,1990,452.6061877696956
154,2025-06-03,Laptop,Electronics,West,7,795,5565,1290.360915415036
155,2025-06-04,Headphones,Accessories,South,1,941,941,262.56115880097013
156,2025-06-05,Laptop,Electronics,East,8,424,3392,771.1167123822335
157,2025-06-06,Keyboard,Electronics,North,3,57,171,38.096528598794116
158,2025-06-07,Monitor,Electronics,North,2,390,780,88.39771832746764
159,2025-06-08,Laptop,Accessories,North,3,178,534,108.7659767437478
160,2025-06-09,Headphones,Electronics,East,5,825,4125,536.3894256740593
161,2025-06-10,Headphones,Electronics,East,8,718,5744,1421.5639135072424
162,2025-06-11,Laptop,Electronics,South,7,401,2807,568.2613863442355
163,2025-06-12,Monitor,Electronics,South,7,407,2849,672.4937885929197
164,2025-06-13,Laptop,Accessories,South,7,566,3962,429.22160643732934
165,2025-06-14,Headphones,Accessories,West,8,544,4352,509.00297076626714
166,2025-06-15,Smartphone,Electronics,North,1,135,135,32.84073147769242
167,2025-06-16,Keyboard,Accessories,North,4,224,896,102.51751301096228
168,2025-06-17,Headphones,Electronics,South,6,851,5106,583.3673703938821
169,2025-06-18,Laptop,Electronics,North,9,242,2178,223.074451812317
170,2025-06-19,Keyboard,Electronics,South,2,360,720,209.73620135512513
171,2025-06-20,Laptop,Accessories,West,1,168,168,41.58028087782263
172,2025-06-21,Laptop,Accessories,West,2,267,534,91.12725042802045
173,2025-06-22,Smartphone,Accessories,East,7,476,3332,530.8113113700934
174,2025-06-23,Keyboard,Accessories,West,3,463,1389,236.047557223397
175,2025-06-24,Keyboard,Accessories,South,2,163,326,83.10741023301306
176,2025-06-25,Smartphone,Accessories,West,7,194,1358,315.4282579667245
177,2025-06-26,Headphones,Accessories,East,2,587,1174,160.88391933528146
178,2025-06-27,Laptop,Accessories,North,3,697,2091,281.91252403671405
179,2025-06-28,Monitor,Accessories,South,7,352,2464,294.88937617876223
180,2025-06-29,Laptop,Electronics,North,4,793,3172,736.0960453785289
181,2025-06-30,Laptop,Accessories,East,1,930,930,235.1733151732429
182,2025-07-01,Headphones,Accessories,East,5,637,3185,487.33457484302755
183,2025-07-02,Laptop,Accessories,East,9,889,8001,833.6161266416667
184,2025-07-03,Smartphone,Accessories,North,8,394,3152,367.0010191771398
185,2025-07-04,Smartphone,Accessories,North,9,863,7767,2280.1737781282704
186,2025-07-05,Keyboard,Accessories,North,9,850,7650,1217.030509540453
187,2025-07-06,Monitor,Accessories,North,7,50,350,88.84562034866934
188,2025-07-07,Laptop,Accessories,East,4,196,784,176.34724759634855
189,2025-07-08,Laptop,Accessories,East,5,336,1680,296.331718923373
190,2025-07-09,Headphones,Accessories,South,1,703,703,99.21962906469504
191,2025-07-10,Smartphone,Accessories,South,1,102,102,12.67628293045189
192,2025-07-11,Monitor,Electronics,North,3,353,1059,236.15974663063193
193,2025-07-12,Keyboard,Electronics,West,8,118,944,240.65085778441434
194,2025-07-13,Smartphone,Accessories,West,2,410,820,187.60029758074543
195,2025-07-14,Keyboard,Accessories,East,4,651,2604,536.5813509961616
196,2025-07-15,Headphones,Electronics,East,2,269,538,58.31395164124407
197,2025-07-16,Headphones,Accessories,East,5,753,3765,1105.7720495285712
198,2025-07-17,Laptop,Electronics,South,9,624,5616,1458.7157800664183
199,2025-07-18,Monitor,Electronics,South,1,634,634,100.52983425368232
200,2025-07-19,Keyboard,Electronics,East,5,210,1050,310.79376916535864
201,2025-07-20,Smartphone,Electronics,East,9,730,6570,1447.8724087821272
202,2025-07-21,Headphones,Electronics,East,1,138,138,29.87486536652
203,2025-07-22,Laptop,Accessories,West,9,737,6633,1655.6938798312171
204,2025-07-23,Laptop,Electronics,South,8,830,6640,1742.0302785837025
205,2025-07-24,Keyboard,Accessories,West,4,634,2536,586.5659496385382
206,2025-07-25,Headphones,Accessories,West,5,806,4030,506.2451715711572
207,2025-07-26,Monitor,Electronics,East,5,638,3190,534.81466882449
208,2025-07-27,Headphones,Electronics,East,6,208,1248,356.449676625382
209,2025-07-28,Keyboard,Accessories,North,7,538,3766,545.7804788407893
210,2025-07-29,Keyboard,Electronics,North,8,373,2984,520.509279826228
211,2025-07-30,Headphones,Electronics,West,8,659,5272,982.7818653763602
212,2025-07-31,Keyboard,Accessories,South,2,430,860,161.57765822744577
213,2025-08-01,Headphones,Accessories,East,9,151,1359,302.496978522012
214,2025-08-02,Smartphone,Electronics,East,7,543,3801,1097.0262518535267
215,2025-08-03,Headphones,Accessories,West,4,693,2772,410.6400394399407
216,2025-08-04,Headphones,Electronics,North,4,663,2652,329.64432999000695
217,2025-08-05,Keyboard,Electronics,South,8,68,544,75.88478929676118
218,2025-08-06,Keyboard,Electronics,North,4,503,2012,558.09857984421
219,2025-08-07,Laptop,Accessories,North,6,531,3186,730.1106498238972
220,2025-08-08,Laptop,Accessories,North,5,643,3215,505.33806548077996
221,2025-08-09,Smartphone,Accessories,North,3,446,1338,352.147400868002
222,2025-08-10,Laptop,Accessories,East,2,328,656,178.6117435228828
223,2025-08-11,Headphones,Accessories,East,9,900,8100,2181.35322867825
224,2025-08-12,Keyboard,Electronics,North,9,414,3726,1057.384052868196
225,2025-08-13,Laptop,Electronics,South,1,380,380,57.170317533175485
226,2025-08-14,Laptop,Electronics,West,3,690,2070,519.5873585009592
227,2025-08-15,Smartphone,Electronics,South,8,393,3144,603.9872358859792
228,2025-08-16,Smartphone,Accessories,South,6,871,5226,1402.6568874806921
229,2025-08-17,Headphones,Electronics,South,5,504,2520,619.1593012894531
230,2025-08-18,Keyboard,Accessories,North,5,650,3250,829.6908402248208
231,2025-08-19,Smartphone,Electronics,East,6,774,4644,1073.8431148381792
232,2025-08-20,Laptop,Accessories,South,7,704,4928,667.6737951893431
233,2025-08-21,Keyboard,Accessories,North,1,114,114,23.826613750850193
234,2025-08-22,Keyboard,Electronics,South,9,125,1125,334.05069139301435
235,2025-08-23,Laptop,Electronics,South,3,760,2280,655.4489583226863
236,2025-08-24,Smartphone,Electronics,North,4,192,768,83.431485818421
237,2025-08-25,Laptop,Electronics,East,1,966,966,128.44222239892727
238,2025-08-26,Keyboard,Accessories,East,3,964,2892,365.39192256611864
239,2025-08-27,Monitor,Electronics,West,2,877,1754,430.0737524228416
240,2025-08-28,Monitor,Electronics,North,2,654,1308,344.7326422905768
241,2025-08-29,Headphones,Accessories,West,1,522,522,74.49058664283415
242,2025-08-30,Laptop,Electronics,West,8,466,3728,749.9637678648837
243,2025-08-31,Laptop,Electronics,West,3,354,1062,284.7653231495788
244,2025-09-01,Headphones,Electronics,East,3,785,2355,580.649527584904
245,2025-09-02,Headphones,Electronics,North,6,546,3276,682.873817038259
246,2025-09-03,Headphones,Electronics,West,8,340,2720,593.1491436095724
247,2025-09-04,Keyboard,Accessories,North,9,989,8901,1795.0834456203613
248,2025-09-05,Laptop,Electronics,North,9,151,1359,216.7736690684554
249,2025-09-06,Keyboard,Electronics,East,4,316,1264,269.23755979475925
250,2025-09-07,Headphones,Electronics,West,5,916,4580,1089.0189366778832
251,2025-09-08,Laptop,Electronics,West,2,671,1342,368.5998706170408
252,2025-09-09,Keyboard,Electronics,North,9,891,8019,1822.3840735119181
253,2025-09-10,Keyboard,Accessories,South,8,991,7928,1999.634309135631
254,2025-09-11,Headphones,Electronics,East,3,826,2478,327.1315022834863
255,2025-09-12,Laptop,Accessories,East,9,52,468,90.00177960569233
256,2025-09-13,Headphones,Accessories,East,3,134,402,40.950262234098304
257,2025-09-14,Laptop,Electronics,East,9,843,7587,1133.0105090251107
258,2025-09-15,Monitor,Electronics,West,2,377,754,184.95042663904113
259,2025-09-16,Smartphone,Electronics,West,9,865,7785,2322.7480942509587
260,2025-09-17,Smartphone,Electronics,South,8,499,3992,478.38379471043316
261,2025-09-18,Smartphone,Accessories,East,9,503,4527,816.2129535808104
262,2025-09-19,Headphones,Electronics,East,5,973,4865,1264.9690525442822
263,2025-09-20,Monitor,Electronics,North,2,678,1356,190.93446411135736
264,2025-09-21,Laptop,Electronics,West,8,270,2160,455.7966980985877
265,2025-09-22,Keyboard,Electronics,East,6,203,1218,300.37616771282876
266,2025-09-23,Laptop,Electronics,South,8,714,5712,1274.9017783772285
267,2025-09-24,Keyboard,Electronics,South,5,61,305,41.969508811540386
268,2025-09-25,Laptop,Accessories,West,2,182,364,62.271996600321835
269,2025-09-26,Monitor,Accessories,South,6,353,2118,543.8141999080142
270,2025-09-27,Keyboard,Electronics,South,5,342,1710,360.5454678331497
271,2025-09-28,Headphones,Electronics,West,5,349,1745,176.32513512647654
272,2025-09-29,Laptop,Electronics,East,1,789,789,198.98434193243324
273,2025-09-30,Laptop,Accessories,East,2,832,1664,178.15161892411157
274,2025-10-01,Keyboard,Electronics,South,8,92,736,183.37201281803738
275,2025-10-02,Headphones,Accessories,South,3,993,2979,418.53791774644844
276,2025-10-03,Headphones,Electronics,East,3,392,1176,342.9388825240782
277,2025-10-04,Monitor,Electronics,West,8,375,3000,520.7644507812507
278,2025-10-05,Headphones,Electronics,South,8,863,6904,1141.8271758396197
279,2025-10-06,Headphones,Electronics,North,2,547,1094,141.9767054127389
280,2025-10-07,Headphones,Accessories,West,8,413,3304,532.343265595934
281,2025-10-08,Smartphone,Accessories,South,1,940,940,258.81034322370164
282,2025-10-09,Monitor,Electronics,South,6,476,2856,854.7061736526837
283,2025-10-10,Laptop,Electronics,North,8,70,560,97.25066741676702
284,2025-10-11,Keyboard,Accessories,North,3,456,1368,259.5398686291628
285,2025-10-12,Laptop,Accessories,East,8,668,5344,1306.1494187510852
286,2025-10-13,Monitor,Accessories,West,1,385,385,106.73707509581072
287,2025-10-14,Keyboard,Accessories,West,9,864,7776,1699.9025485272866
288,2025-10-15,Monitor,Electronics,East,9,166,1494,266.38787861553544
289,2025-10-16,Headphones,Accessories,West,5,173,865,157.8835784668119
290,2025-10-17,Keyboard,Electronics,West,4,448,1792,428.5095437044556
291,2025-10-18,Headphones,Accessories,West,6,842,5052,508.4517335457632
292,2025-10-19,Laptop,Accessories,West,7,853,5971,1337.0135867945417
293,2025-10-20,Laptop,Accessories,West,5,764,3820,653.5966599771971
294,2025-10-21,Keyboard,Accessories,North,9,100,900,232.9555196298752
295,2025-10-22,Keyboard,Accessories,West,3,832,2496,296.0209273997076
296,2025-10-23,Monitor,Electronics,North,7,373,2611,568.2592238004495
297,2025-10-24,Monitor,Electronics,West,5,838,4190,822.0552817245716
298,2025-10-25,Headphones,Accessories,East,7,190,1330,303.8585898907905
299,2025-10-26,Keyboard,Accessories,South,2,519,1038,117.26360621466424
300,2025-10-27,Laptop,Electronics,North,4,836,3344,722.2931570319341
301,2025-10-28,Monitor,Accessories,West,2,851,1702,361.3293537414218
302,2025-10-29,Monitor,Accessories,East,7,383,2681,568.7259426259509
303,2025-10-30,Laptop,Electronics,South,2,942,1884,415.79415277354417
304,2025-10-31,Monitor,Accessories,North,1,422,422,99.29389390190497
305,2025-11-01,Headphones,Accessories,South,9,613,5517,1439.9248622477612
306,2025-11-02,Keyboard,Electronics,East,1,543,543,83.60253020592408
307,2025-11-03,Laptop,Electronics,North,8,588,4704,1246.6064850974024
308,2025-11-04,Keyboard,Electronics,South,2,718,1436,286.6990319460639
309,2025-11-05,Monitor,Accessories,West,8,800,6400,738.6345972919439
310,2025-11-06,Monitor,Electronics,North,3,205,615,68.70176429700945
311,2025-11-07,Laptop,Electronics,South,6,340,2040,340.36923402799283
312,2025-11-08,Headphones,Electronics,East,3,697,2091,537.3439158280157
313,2025-11-09,Smartphone,Electronics,East,7,193,1351,326.31538856699547
314,2025-11-10,Laptop,Electronics,North,9,155,1395,359.5235751436014
315,2025-11-11,Smartphone,Electronics,South,2,469,938,190.8396749884459
316,2025-11-12,Smartphone,Accessories,North,5,719,3595,676.0030795299978
317,2025-11-13,Headphones,Accessories,North,6,707,4242,549.2987236576113
318,2025-11-14,Smartphone,Electronics,South,4,51,204,33.790264347259914
319,2025-11-15,Smartphone,Electronics,South,4,994,3976,742.7321999814656
320,2025-11-16,Headphones,Electronics,West,4,638,2552,300.42165930847665
321,2025-11-17,Smartphone,Accessories,South,2,693,1386,199.75363329154774
322,2025-11-18,Smartphone,Accessories,East,4,139,556,122.12265269988775
323,2025-11-19,Smartphone,Accessories,North,1,394,394,97.37025340204816
324,2025-11-20,Laptop,Accessories,North,6,399,2394,717.4087884549442
325,2025-11-21,Laptop,Accessories,East,1,508,508,145.60431446450545
326,2025-11-22,Laptop,Accessories,South,6,312,1872,427.7764107059757
327,2025-11-23,Headphones,Accessories,East,1,400,400,73.69984426352576
328,2025-11-24,Monitor,Accessories,East,6,157,942,214.05581551103103
329,2025-11-25,Smartphone,Accessories,West,8,635,5080,1306.2220439695157
330,2025-11-26,Smartphone,Electronics,East,2,88,176,21.765433920503234
331,2025-11-27,Headphones,Electronics,North,2,958,1916,348.6755537316177
332,2025-11-28,Smartphone,Electronics,East,4,208,832,222.9431003297667
333,2025-11-29,Laptop,Electronics,North,3,632,1896,335.1494553730103
334,2025-11-30,Monitor,Accessories,North,4,361,1444,309.55671193041144
335,2025-12-01,Keyboard,Accessories,North,7,290,2030,441.6343605100525
336,2025-12-02,Smartphone,Electronics,South,1,987,987,135.1156123685804
337,2025-12-03,Laptop,Accessories,West,6,494,2964,511.1331698114766
338,2025-12-04,Keyboard,Electronics,North,3,347,1041,173.74525031607027
339,2025-12-05,Monitor,Accessories,North,7,85,595,62.617408315315714
340,2025-12-06,Keyboard,Electronics,South,2,133,266,27.8870018390201
341,2025-12-07,Laptop,Accessories,North,2,501,1002,266.87208755262503
342,2025-12-08,Keyboard,Accessories,East,4,935,3740,578.2569658596638
343,2025-12-09,Headphones,Electronics,East,1,824,824,167.7793806761568
344,2025-12-10,Keyboard,Accessories,West,3,871,2613,417.41398475749276
345,2025-12-11,Smartphone,Electronics,North,9,434,3906,1125.458626284104
346,2025-12-12,Smartphone,Electronics,South,7,221,1547,234.9264171930704
347,2025-12-13,Headphones,Electronics,East,7,425,2975,553.1458035796664
348,2025-12-14,Laptop,Electronics,South,4,734,2936,806.0672030845582
349,2025-12-15,Smartphone,Accessories,South,2,411,822,220.61387838057334
350,2025-12-16,Monitor,Accessories,East,4,608,2432,333.7197296404293
351,2025-12-17,Smartphone,Accessories,South,6,940,5640,1469.381653449561
352,2025-12-18,Smartphone,Electronics,East,3,190,570,109.23330508811975
353,2025-12-19,Laptop,Accessories,South,1,936,936,184.0117728543785
354,2025-12-20,Keyboard,Electronics,East,8,967,7736,980.1202133219481
355,2025-12-21,Smartphone,Accessories,North,5,167,835,96.96045279743981
356,2025-12-22,Headphones,Accessories,West,5,326,1630,400.30821407344746
357,2025-12-23,Keyboard,Accessories,East,4,775,3100,617.8059144602857
358,2025-12-24,Monitor,Electronics,East,6,269,1614,302.41540680417995
359,2025-12-25,Laptop,Accessories,West,3,954,2862,703.7705100806319
360,2025-12-26,Monitor,Accessories,East,9,75,675,170.8442413637998
361,2025-12-27,Keyboard,Electronics,East,5,570,2850,375.5776555715315
362,2025-12-28,Keyboard,Accessories,South,3,832,2496,554.2243946192385
363,2025-12-29,Keyboard,Electronics,West,1,59,59,7.49717817087669
364,2025-12-30,Monitor,Accessories,North,6,427,2562,641.2045940812831
365,2025-12-31,Keyboard,Electronics,East,2,682,1364,315.61736662967564
366,2026-01-01,Monitor,Electronics,West,3,686,2058,599.5425780379513
367,2026-01-02,Keyboard,Accessories,South,1,731,731,83.18166199130877
368,2026-01-03,Headphones,Electronics,North,9,633,5697,634.7081492797392
369,2026-01-04,Keyboard,Electronics,West,8,201,1608,251.55136322133316
370,2026-01-05,Monitor,Electronics,North,2,769,1538,234.30066831716468
371,2026-01-06,Smartphone,Electronics,North,8,98,784,117.12627569448956
372,2026-01-07,Keyboard,Electronics,North,9,203,1827,513.8454237223868
373,2026-01-08,Smartphone,Electronics,East,1,908,908,136.1175898926703
374,2026-01-09,Headphones,Accessories,East,5,342,1710,264.00680633599177
375,2026-01-10,Laptop,Electronics,South,8,629,5032,1267.4584112974387
376,2026-01-11,Headphones,Electronics,South,2,99,198,37.60969776104138
377,2026-01-12,Keyboard,Accessories,West,4,713,2852,728.2357016872354
378,2026-01-13,Smartphone,Accessories,South,7,580,4060,459.07731994228084
379,2026-01-14,Smartphone,Accessories,North,3,661,1983,391.6707354108642
380,2026-01-15,Monitor,Accessories,North,5,109,545,58.16388241997781
381,2026-01-16,Smartphone,Accessories,East,8,216,1728,194.45294711417054
382,2026-01-17,Monitor,Accessories,North,3,251,753,211.80948047366826
383,2026-01-18,Laptop,Accessories,West,4,906,3624,463.325044986033
384,2026-01-19,Keyboard,Electronics,North,9,195,1755,362.37965947860124
385,2026-01-20,Monitor,Electronics,North,7,964,6748,1229.6146252699134
386,2026-01-21,Laptop,Accessories,West,1,725,725,122.8647823075322
387,2026-01-22,Smartphone,Electronics,South,4,488,1952,546.4949381563112
388,2026-01-23,Smartphone,Electronics,South,4,291,1164,121.48048676933396
389,2026-01-24,Laptop,Electronics,West,9,630,5670,1319.737504123118
390,2026-01-25,Smartphone,Accessories,East,6,736,4416,1292.4699642974076
391,2026-01-26,Laptop,Accessories,North,9,610,5490,1164.0646654411023
392,2026-01-27,Monitor,Electronics,West,6,532,3192,917.2674597619257
393,2026-01-28,Monitor,Accessories,North,6,157,942,104.04538445748689
394,2026-01-29,Laptop,Electronics,East,5,275,1375,252.66816274539437
395,2026-01-30,Monitor,Electronics,North,5,722,3610,548.833925074601
396,2026-01-31,Monitor,Electronics,West,2,680,1360,334.7833024747585
397,2026-02-01,Monitor,Electronics,North,8,710,5680,1682.7534948048722
398,2026-02-02,Headphones,Accessories,South,8,711,5688,860.6285990365764
399,2026-02-03,Keyboard,Accessories,East,1,481,481,111.03159666180596
400,2026-02-04,Smartphone,Accessories,East,8,854,6832,953.8806054029089
401,2026-02-05,Headphones,Electronics,East,5,704,3520,749.9924992184133
402,2026-02-06,Monitor,Accessories,West,2,468,936,180.44816150805653
403,2026-02-07,Laptop,Electronics,East,2,504,1008,296.7562744537179
404,2026-02-08,Monitor,Accessories,South,6,209,1254,278.0186399922738
405,2026-02-09,Keyboard,Electronics,West,9,572,5148,874.6517607005885
406,2026-02-10,Monitor,Electronics,South,1,699,699,85.85059072733308
407,2026-02-11,Laptop,Electronics,North,6,639,3834,499.37606827394785
408,2026-02-12,Keyboard,Accessories,North,9,126,1134,164.5018797129401
409,2026-02-13,Monitor,Accessories,North,8,558,4464,670.463035244618
410,2026-02-14,Keyboard,Accessories,North,6,490,2940,794.162242010589
411,2026-02-15,Smartphone,Accessories,South,3,303,909,192.93030290976301
412,2026-02-16,Smartphone,Electronics,West,8,970,7760,1588.3026944530166
413,2026-02-17,Monitor,Accessories,West,9,819,7371,906.2922709096005
414,2026-02-18,Keyboard,Accessories,East,1,369,369,100.37830936918829
415,2026-02-19,Laptop,Electronics,South,9,852,7668,1875.3080154005306
416,2026-02-20,Monitor,Electronics,North,6,312,1872,212.53503469536062
417,2026-02-21,Smartphone,Electronics,South,6,646,3876,936.3137673725167
418,2026-02-22,Smartphone,Accessories,East,4,707,2828,590.2252157290006
419,2026-02-23,Monitor,Electronics,East,1,884,884,102.84904112803041
420,2026-02-24,Keyboard,Electronics,South,8,603,4824,924.5684589468477
421,2026-02-25,Smartphone,Electronics,South,2,423,846,166.61061178240394
422,2026-02-26,Keyboard,Accessories,South,1,686,686,91.34426691040143
423,2026-02-27,Smartphone,Electronics,West,2,216,432,124.90831990082438
424,2026-02-28,Smartphone,Accessories,North,1,986,986,266.2151432559865
425,2026-03-01,Headphones,Accessories,South,1,802,802,187.51118290758896
426,2026-03-02,Smartphone,Electronics,South,9,508,4572,879.9230609789552
427,2026-03-03,Laptop,Electronics,South,1,329,329,59.994172636260664
428,2026-03-04,Monitor,Accessories,East,4,749,2996,689.6633015168518
429,2026-03-05,Monitor,Electronics,East,6,351,2106,440.33590339418856
430,2026-03-06,Keyboard,Electronics,West,7,580,4060,456.56576197609115
431,2026-03-07,Smartphone,Accessories,North,2,629,1258,254.74566643061547
432,2026-03-08,Laptop,Accessories,West,6,267,1602,418.57171896140176
433,2026-03-09,Keyboard,Electronics,North,7,151,1057,202.7833101239969
434,2026-03-10,Headphones,Accessories,East,2,603,1206,133.13192650608954
435,2026-03-11,Keyboard,Electronics,East,2,337,674,173.39030127696765
436,2026-03-12,Keyboard,Electronics,East,7,216,1512,212.09240771791866
437,2026-03-13,Smartphone,Electronics,West,1,670,670,101.6551918749972
438,2026-03-14,Headphones,Accessories,South,8,85,680,90.40006406679224
439,2026-03-15,Keyboard,Electronics,South,3,793,2379,395.01632786585856
440,2026-03-16,Laptop,Electronics,East,6,790,4740,1191.400427392826
441,2026-03-17,Laptop,Electronics,South,9,402,3618,737.6276079370491
442,2026-03-18,Monitor,Accessories,South,6,725,4350,613.2467085111199
443,2026-03-19,Headphones,Accessories,West,9,948,8532,2351.1292453586425
444,2026-03-20,Headphones,Accessories,North,7,122,854,235.6325808257212
445,2026-03-21,Monitor,Accessories,East,9,697,6273,1719.5276920627202
446,2026-03-22,Keyboard,Accessories,East,2,402,804,118.79843079015151
447,2026-03-23,Headphones,Electronics,West,8,940,7520,1430.663973648206
448,2026-03-24,Laptop,Accessories,West,8,119,952,282.7420305292226
449,2026-03-25,Laptop,Accessories,South,2,474,948,241.1735655083742
450,2026-03-26,Smartphone,Accessories,East,4,757,3028,319.252590294199
451,2026-03-27,Headphones,Electronics,North,7,830,5810,656.7677350446918
452,2026-03-28,Keyboard,Accessories,West,4,610,2440,470.39851188441844
453,2026-03-29,Monitor,Accessories,North,4,877,3508,988.7088964324704
454,2026-03-30,Monitor,Electronics,North,6,691,4146,861.2915308623906
455,2026-03-31,Keyboard,Accessories,East,6,566,3396,677.7142554568899
456,2026-04-01,Smartphone,Electronics,East,3,477,1431,173.28657292758768
457,2026-04-02,Monitor,Electronics,West,9,588,5292,1224.3360628401927
458,2026-04-03,Headphones,Electronics,East,2,209,418,110.52782422617884
459,2026-04-04,Smartphone,Electronics,East,6,198,1188,209.1877937837968
460,2026-04-05,Headphones,Electronics,East,7,825,5775,1473.331687818753
461,2026-04-06,Laptop,Accessories,North,9,279,2511,735.4601755889875
462,2026-04-07,Smartphone,Electronics,West,3,761,2283,321.3397652377028
463,2026-04-08,Monitor,Electronics,South,3,611,1833,375.15264279599216
464,2026-04-09,Smartphone,Accessories,North,7,116,812,127.83120439293506
465,2026-04-10,Smartphone,Electronics,East,4,861,3444,890.5181238305084
466,2026-04-11,Smartphone,Accessories,North,8,430,3440,741.3842357262364
467,2026-04-12,Smartphone,Accessories,East,7,107,749,169.9604461490355
468,2026-04-13,Headphones,Accessories,East,5,308,1540,399.7575611616953
469,2026-04-14,Laptop,Electronics,North,7,391,2737,490.4542367354278
470,2026-04-15,Keyboard,Electronics,West,3,887,2661,753.1109344062285
471,2026-04-16,Smartphone,Electronics,East,2,179,358,73.96486689482361
472,2026-04-17,Monitor,Accessories,West,6,776,4656,612.687531024276
473,2026-04-18,Smartphone,Electronics,South,2,221,442,105.71748204612213
474,2026-04-19,Monitor,Electronics,East,3,819,2457,635.5086276053582
475,2026-04-20,Headphones,Electronics,West,6,663,3978,649.8155902749241
476,2026-04-21,Monitor,Accessories,West,5,258,1290,350.15224830567826
477,2026-04-22,Keyboard,Accessories,South,8,852,6816,1916.8544848966928
478,2026-04-23,Laptop,Electronics,West,9,403,3627,563.5665151438626
479,2026-04-24,Monitor,Electronics,West,3,520,1560,462.85869948714924
480,2026-04-25,Monitor,Electronics,South,3,847,2541,325.60959855437903
481,2026-04-26,Laptop,Electronics,East,3,165,495,69.4995511718465
482,2026-04-27,Keyboard,Accessories,West,6,313,1878,256.99484961780263
483,2026-04-28,Smartphone,Accessories,West,1,711,711,198.22533676311915
484,2026-04-29,Monitor,Accessories,West,7,861,6027,1391.384242572509
485,2026-04-30,Laptop,Accessories,North,1,491,491,64.03664061242719
486,2026-05-01,Headphones,Electronics,South,5,597,2985,561.3730807659043
487,2026-05-02,Laptop,Electronics,North,8,502,4016,895.8073737360648
488,2026-05-03,Headphones,Electronics,South,4,894,3576,417.2935135844069
489,2026-05-04,Keyboard,Accessories,East,5,526,2630,727.1510097822602
490,2026-05-05,Smartphone,Electronics,East,4,336,1344,350.40863032668466
491,2026-05-06,Laptop,Accessories,West,4,352,1408,283.0662274391813
492,2026-05-07,Monitor,Accessories,South,8,360,2880,845.0649303892823
493,2026-05-08,Keyboard,Electronics,East,2,257,514,94.34582866948024
494,2026-05-09,Laptop,Electronics,South,1,667,667,197.98031655946883
495,2026-05-10,Monitor,Electronics,East,3,495,1485,346.8722396446772
496,2026-05-11,Laptop,Accessories,North,9,719,6471,1468.491561845251
497,2026-05-12,Headphones,Electronics,East,4,682,2728,363.3449908733803
498,2026-05-13,Laptop,Accessories,North,5,104,520,143.720486863683
499,2026-05-14,Laptop,Electronics,East,2,961,1922,356.5270360366845
500,2026-05-15,Laptop,Accessories,West,4,61,244,32.316990202184996
